"finest_name","kingdom","phylum","class","order","family","genus","species","community"
"Oribatida","Metazoa","Arthropoda","Arachnida","Sarcoptiformes","unassigned","unassigned","unassigned","micro_arthropodes"
"Enchytraeidae","Metazoa","Annelida","Clitellata","Enchytraeida","Enchytraeidae","unassigned","unassigned","micro_arthropodes"
"Gnaphosidae","Metazoa","Arthropoda","Arachnida","Araneae","Gnaphosidae","unassigned","unassigned","micro_arthropodes"
"Linyphiidae","Metazoa","Arthropoda","Arachnida","Araneae","Linyphiidae","unassigned","unassigned","micro_arthropodes"
"Microctenonyx subitaneus","Metazoa","Arthropoda","Arachnida","Araneae","Linyphiidae","Microctenonyx","Microctenonyx subitaneus","micro_arthropodes"
"Asagena","Metazoa","Arthropoda","Arachnida","Araneae","Theridiidae","Asagena","unassigned","micro_arthropodes"
"Ozyptila","Metazoa","Arthropoda","Arachnida","Araneae","Thomisidae","Ozyptila","unassigned","micro_arthropodes"
"Xysticus","Metazoa","Arthropoda","Arachnida","Araneae","Thomisidae","Xysticus","unassigned","micro_arthropodes"
"Zodarion","Metazoa","Arthropoda","Arachnida","Araneae","Zodariidae","Zodarion","unassigned","micro_arthropodes"
"Geophilomorpha","Metazoa","Arthropoda","Chilopoda","Geophilomorpha","unassigned","unassigned","unassigned","micro_arthropodes"
"Lithobiomorpha","Metazoa","Arthropoda","Chilopoda","Lithobiomorpha","unassigned","unassigned","unassigned","micro_arthropodes"
"Anthicidae","Metazoa","Arthropoda","Insecta","Coleoptera","Anthicidae","unassigned","unassigned","micro_arthropodes"
"Carabidae","Metazoa","Arthropoda","Insecta","Coleoptera","Carabidae","unassigned","unassigned","micro_arthropodes"
"Staphylinidae","Metazoa","Arthropoda","Insecta","Coleoptera","Staphylinidae","unassigned","unassigned","micro_arthropodes"
"Coleoptera","Metazoa","Arthropoda","Insecta","Coleoptera","unassigned","unassigned","unassigned","micro_arthropodes"
"Collembola","Metazoa","Arthropoda","Collembola","unassigned","unassigned","unassigned","unassigned","micro_arthropodes"
"Dermaptera","Metazoa","Arthropoda","Insecta","Dermaptera","unassigned","unassigned","unassigned","micro_arthropodes"
"Diplopoda","Metazoa","Arthropoda","Diplopoda","unassigned","unassigned","unassigned","unassigned","micro_arthropodes"
"Diptera","Metazoa","Arthropoda","Insecta","Diptera","unassigned","unassigned","unassigned","micro_arthropodes"
"Aphidiidae","Metazoa","Arthropoda","Insecta","Hymenoptera","Braconidae","unassigned","unassigned","micro_arthropodes"
"Auchenorrhyncha","Metazoa","Arthropoda","Insecta","Hemiptera","unassigned","unassigned","unassigned","micro_arthropodes"
"Pheidole pallidula","Metazoa","Arthropoda","Insecta","Hymenoptera","Formicidae","Pheidole","Pheidole pallidula","micro_arthropodes"
"Tetramorium","Metazoa","Arthropoda","Insecta","Hymenoptera","Formicidae","Tetramorium","unassigned","micro_arthropodes"
"Hymenoptera","Metazoa","Arthropoda","Insecta","Hymenoptera","unassigned","unassigned","unassigned","micro_arthropodes"
"Isopoda","Metazoa","Arthropoda","Malacostraca","Isopoda","unassigned","unassigned","unassigned","micro_arthropodes"
"Pauropoda","Metazoa","Arthropoda","Pauropoda","unassigned","unassigned","unassigned","unassigned","micro_arthropodes"
"Protura","Metazoa","Arthropoda","Protura","unassigned","unassigned","unassigned","unassigned","micro_arthropodes"
"Pseudoscorpiones","Metazoa","Arthropoda","Arachnida","Pseudoscorpiones","unassigned","unassigned","unassigned","micro_arthropodes"
"Psocoptera","Metazoa","Arthropoda","Insecta","Psocoptera","unassigned","unassigned","unassigned","micro_arthropodes"
"Symphyla","Metazoa","Arthropoda","Symphyla","unassigned","unassigned","unassigned","unassigned","micro_arthropodes"
"Thysanoptera","Metazoa","Arthropoda","Insecta","Thysanoptera","unassigned","unassigned","unassigned","micro_arthropodes"
"Protaphorura armata","Metazoa","Arthropoda","Collembola","Poduromorpha","Onychiuridae","Protaphorura","Protaphorura armata","micro_arthropodes"
"Pseudosinella alba","Metazoa","Arthropoda","Collembola","Entomobryomorpha","Entomobryidae","Pseudosinella","Pseudosinella alba","micro_arthropodes"
"Brachystomella parvula","Metazoa","Arthropoda","Collembola","Poduromorpha","Brachystomellidae","Brachystomella","Brachystomella parvula","micro_arthropodes"
"Entomobrya lanuginosa","Metazoa","Arthropoda","Collembola","Entomobryomorpha","Entomobryidae","Entomobrya","Entomobrya lanuginosa","micro_arthropodes"
"Sminthurinus elegans","Metazoa","Arthropoda","Collembola","Symphypleona","Katiannidae","Sminthurinus","Sminthurinus elegans","micro_arthropodes"
"Sphaeridia pumilis","Metazoa","Arthropoda","Collembola","Symphypleona","Sminthuridae","Sphaeridia","Sphaeridia pumilis","micro_arthropodes"
"Parisotoma notabilis","Metazoa","Arthropoda","Collembola","Entomobryomorpha","Isotomidae","Parisotoma","Parisotoma notabilis","micro_arthropodes"
"SYMPHYPLEONA","Metazoa","Arthropoda","Collembola","Symphypleona","unassigned","unassigned","unassigned","micro_arthropodes"
"Neelidae","Metazoa","Arthropoda","Collembola","Neelipleona","Neelidae","unassigned","unassigned","micro_arthropodes"
"Heteromurus major","Metazoa","Arthropoda","Collembola","Entomobryomorpha","Entomobryidae","Heteromurus","Heteromurus major","micro_arthropodes"
"Lepidocyrtus lanuginosus","Metazoa","Arthropoda","Collembola","Entomobryomorpha","Entomobryidae","Lepidocyrtus","Lepidocyrtus lanuginosus","micro_arthropodes"
"Pseudosinella octopunctata","Metazoa","Arthropoda","Collembola","Entomobryomorpha","Entomobryidae","Pseudosinella","Pseudosinella octopunctata","micro_arthropodes"
"Megalothorax minimus","Metazoa","Arthropoda","Collembola","Neelipleona","Neelidae","Megalothorax","Megalothorax minimus","micro_arthropodes"
"Isotoma viridis","Metazoa","Arthropoda","Collembola","Entomobryomorpha","Isotomidae","Isotoma","Isotoma viridis","micro_arthropodes"
"Proisotoma minuta","Metazoa","Arthropoda","Collembola","Entomobryomorpha","Isotomidae","Proisotoma","Proisotoma minuta","micro_arthropodes"
"Sminthurinus aureus","Metazoa","Arthropoda","Collembola","Symphypleona","Katiannidae","Sminthurinus","Sminthurinus aureus","micro_arthropodes"
"Hypogastrura vernalis","Metazoa","Arthropoda","Collembola","Poduromorpha","Hypogastruridae","Hypogastrura","Hypogastrura vernalis","micro_arthropodes"
"Neanuridae","Metazoa","Arthropoda","Collembola","Poduromorpha","Neanuridae","unassigned","unassigned","micro_arthropodes"
"Isotomiella paraminor","Metazoa","Arthropoda","Collembola","Entomobryomorpha","Isotomidae","Isotomiella","Isotomiella paraminor","micro_arthropodes"
"Isotomiella minor","Metazoa","Arthropoda","Collembola","Entomobryomorpha","Isotomidae","Isotomiella","Isotomiella minor","micro_arthropodes"
"Sminthurides signatus","Metazoa","Arthropoda","Collembola","Symphypleona","Sminthurididae","Sminthurides","Sminthurides signatus","micro_arthropodes"
"Desoria trispinata","Metazoa","Arthropoda","Collembola","Entomobryomorpha","Isotomidae","Desoria","Desoria trispinata","micro_arthropodes"
"Sminthurus viridis","Metazoa","Arthropoda","Collembola","Symphypleona","Sminthuridae","Sminthurus","Sminthurus viridis","micro_arthropodes"
"Ceratophysella gibbosa","Metazoa","Arthropoda","Collembola","Poduromorpha","Hypogastruridae","Ceratophysella","Ceratophysella gibbosa","micro_arthropodes"
"Gnaphosa alacris","Metazoa","Arthropoda","Euchelicerata","Araneae","Gnaphosidae","Gnaphosa","Gnaphosa alacris","micro_arthropodes"
"Solenopsis","Metazoa","Arthropoda","Insecta","Hymenoptera","Formicidae","Solenopsis","unassigned","micro_arthropodes"
"Pseudosinella sexoculata","Metazoa","Arthropoda","Collembola","Collembola","Entomobryidae","Pseudosinella","Pseudosinella sexoculata","micro_arthropodes"
"Cryptopygus thermophilus","Metazoa","Arthropoda","Collembola","Collembola","Isotomidae","Cryptopygus","Cryptopygus thermophilus","micro_arthropodes"
"Xenylla xavieri","Metazoa","Arthropoda","Collembola","Collembola","Hypogastruridae","Xenylla","Xenylla xavieri","micro_arthropodes"
"Hypogastrura manubrialis","Metazoa","Arthropoda","Collembola","Collembola","Hypogastruridae","Hypogastrura","Hypogastrura manubrialis","micro_arthropodes"
"Isotomodes trisetosus","Metazoa","Arthropoda","Collembola","Collembola","Isotomidae","Isotomodes","Isotomodes trisetosus","micro_arthropodes"
"Acaridida","Metazoa","Arthropoda","Arachnida","unassigned","unassigned","unassigned","unassigned","micro_arthropodes"
"Gamasidae","Metazoa","Arthropoda","Arachnida","Mesostigmata","Parasitidae","unassigned","unassigned","micro_arthropodes"
"Mesaphorura sp","Metazoa","Arthropoda","Collembola","Poduromorpha","Tullbergiidae","Mesaphorura","unassigned","micro_arthropodes"
"Pseudosinella decipiens","Metazoa","Arthropoda","Collembola","Entomobryomorpha","Lepidocyrtidae","Pseudosinella","Pseudosinella decipiens","micro_arthropodes"
"Pseudonorophorus isotoma","Metazoa","Arthropoda","Collembola","Entomobryomorpha","Isotomidae","Pseudonorophorus","Pseudonorophorus isotoma","micro_arthropodes"
"Arrhopalites gr.caecus","Metazoa","Arthropoda","Collembola","Symphypleona","Arrhopalitidae","Arrhopalites","Arrhopalites gr.caecus","micro_arthropodes"
"Seira sp","Metazoa","Arthropoda","Collembola","Entomobryomorpha","Entomobryidae","Seira","unassigned","micro_arthropodes"
"Isotomurus sp","Metazoa","Arthropoda","Collembola","Entomobryomorpha","Isotomidae","Isotomurus","unassigned","micro_arthropodes"
"Tullbergidae","Metazoa","Arthropoda","Collembola","Poduromorpha","Tullbergiidae","unassigned","unassigned","micro_arthropodes"
"Entomobrya aff.multifasciata","Metazoa","Arthropoda","Collembola","Entomobryomorpha","Entomobryidae","Entomobrya","Entomobrya multifasciata","micro_arthropodes"
